INSERT INTO ROLE (name) VALUES ('admin'), ('seller'), ('buyer');

INSERT INTO ADDRESS (city, street, state, postalCode, country)
     VALUES ('Charlotte', '123 Seezam street', 'NC', '28092', 'USA'),
     ('Charlotte', 'P.O. Box 5600', 'NC', '28092', 'USA'),
     ('Charlotte', '123 strawberry dr. ', 'NC', '28211', 'USA'),
     ('Melbourne', '1000 University Blvd', 'FL', '28092', 'USA'),
     ('Melbourne', 'P.O. Box 1000', 'FL', '28092', 'USA'),
     ('Austin', '123 Exchange Blvd', 'TX', '78634', 'USA'),
     ('Hutto', '3160 Limmer Loop', 'TX', '78634', 'USA'),
     ('Wasilla', '4900 Palmer-Wasilla Hwy', 'AK', '99654', 'USA'),
     ('Adairsville', '7439 Adairsville Hwy', 'GA', '30103', 'USA'),
     ('Amherst', '4498 Main St', 'NY', '14226', 'USA');

INSERT INTO USERTABLE (userId, firstName, lastName, email, role, shippingAddressId, billingAddressId, phoneNumber)
 VALUES (1, 'John', 'Smith', 'jsmith@shop-app.com', 'admin', 2, 1, 'phone'),
 (2, 'Jane', 'Doe', 'jdoe@email.com', 'user', 3, 3, 'phone'),
 (3, 'Robert', 'Johnson', 'jdoe@email.com', 'user', 5, 4, 'phone'),
 (4, 'Mary', 'Williams', 'jdoe@email.com', 'user', 6, 6, 'phone'),
 (5, 'Elizabeth', 'Jones', 'jdoe@email.com', 'user', 7, 7, 'phone'),
 (6, 'Anthony', 'Miller', 'jdoe@email.com', 'user', 8, 8, 'phone'),
 (7, 'Frank', 'Davis', 'jdoe@email.com', 'user', 9, 9, 'phone'),
 (8, 'Jeff', 'Martinez', 'jdoe@email.com', 'user', 10, 10, 'phone');

INSERT INTO USERROLES (role_Id, user_Id) VALUES (1, 1),(2, 1),(3,2),
    (3, 4), (3,5), (2, 6), (3, 6), (3, 7), (2, 8), (3, 8);

INSERT INTO CATEGORY (name, titleImage) VALUES ('Outdoor', 'https://static.homegoods.com/content/v1/static_content/images/homepage/23_APR_WK1/Summer_Site_CatTiles_1322771_D_Outdoor.jpg'),
 ('Furniture & Lighting', 'https://static.homegoods.com/content/v1/static_content/images/homepage/23_APR_WK1/Summer_Site_CatTiles_1322771_D_FurnLighting.jpg'),
 ('Rugs', 'https://static.homegoods.com/content/v1/static_content/images/homepage/23_APR_WK1/Summer_Site_CatTiles_1322771_D_Rugs.jpg'),
 ('Decor & Pillows', 'https://static.homegoods.com/content/v1/static_content/images/homepage/23_APR_WK1/Summer_Site_CatTiles_1322771_D_DecorPillows.jpg'),
 ('Bed & Bath', 'https://static.homegoods.com/content/v1/static_content/images/homepage/23_APR_WK1/Summer_Site_CatTiles_1322771_D_Bedding.jpg'),
 ('Kitchen & Dining', 'https://static.homegoods.com/content/v1/static_content/images/homepage/23_APR_WK1/Summer_Site_CatTiles_1322771_D_KitchenDining.jpg');

INSERT INTO PRODUCT (productId, name, price, quantity, sku, faceImage, description, categoryId) VALUES
          (1, 'MIDDLE OF NOWHERE', 79.99, 15, 'DR12SS4FGA', 'https://img.homegoods.com/homegoods?set=DisplayName[e8],prd[7000028190_NS9861170],ag[no]&call=url[file:tjxrPRD2_prod.chain]&v=3', '3pc 14x28 Pine Mountain Range Framed Canvas Wall Art Set', 4 ),
          (2, 'UMA', 29.99, 10, 'DSF34D1DFD', 'https://img.homegoods.com/homegoods?set=DisplayName[e8],prd[7000027647_NS9861212],ag[no]&call=url[file:tjxrPRD2_prod.chain]&v=3', '18in Bicycle Ride Statue', 4 ),
          (3, 'MADE IN INDIA', 14.99, 45, 'KDQ112SF4S', 'https://img.homegoods.com/homegoods?set=DisplayName[e8],prd[7000025339_NS9861027],ag[no]&call=url[file:tjxrPRD2_prod.chain]&v=3', '7in Ceramic Jar With Wood Spoon', 6 ),
          (4, 'LAURA ASHLEY', 24.99, 25, 'B07MP6VXRN', 'https://img.homegoods.com/homegoods?set=DisplayName[e8],prd[7000024208_NS9861186],ag[no]&call=url[file:tjxrPRD2_prod.chain]&v=3', '6pc Antibacterial Bath Towel Set', 5),
          (5, 'TOMMY BAHAMA', 29.99, 51, '1465475575', 'https://img.homegoods.com/homegoods?set=DisplayName[e8],prd[7000036078_NS9861226],ag[no]&call=url[file:tjxrPRD2_prod.chain]&v=3', '2pk 40x72 Antibacterial Bath Sheet Set', 5 ),
          (6, 'NOVOGRATZ', 16.99, 10, 'B0BLP45GY8', 'https://img.homegoods.com/homegoods?set=DisplayName[e8],prd[7000036222_NS9861170],ag[no]&call=url[file:tjxrPRD2_prod.chain]&v=3', '16x27 Indoor Outdoor Coir Count Your Blessings Doormat', 3 ),
          (7, 'VERA WANG', 14.99, 25, '1589238052', 'https://img.homegoods.com/homegoods?set=DisplayName[e8],prd[7000034390_NS9861170],ag[no]&call=url[file:tjxrPRD2_prod.chain]&v=3', '72x72 Cotton Watercolor Floral Shower Curtain', 5 ),
          (8, 'RACHEL ZOE', 199.99, 5, 'B09ZLTMWWH', 'https://img.homegoods.com/homegoods?set=DisplayName[e8],prd[7000022375_NS9861170],ag[no]&call=url[file:tjxrPRD2_prod.chain]&v=3', '5x8 Velesy Floral Area Rug', 3 ),
          (9, 'MADE IN THE PHILIPPINES', 199.99, 8, 'B014PGEEO2', 'https://img.homegoods.com/homegoods?set=DisplayName[e8],prd[7000024762_NS9988519],ag[no]&call=url[file:tjxrPRD2_prod.chain]&v=3', '20in Indoor Outdoor Hand Painted Stool', 1),
          (10, 'MADE IN INDIA', 249.99, 4, 'B0BZCKX7VL', 'https://img.homegoods.com/homegoods?set=DisplayName[e8],prd[7000020454_NS9861028],ag[no]&call=url[file:tjxrPRD2_prod.chain]&v=3', '25in Bone Inlay Medallion Top Table With Wood Base', 2 ),
          (11, 'LECASA', 24.99, 10, 'B07Q31WX1C', 'https://img.homegoods.com/homegoods?set=DisplayName[e8],prd[7000031084_NS9861226],ag[no]&call=url[file:tjxrPRD2_prod.chain]&v=3', '20in Real Touch Faux Orchid Arrangement In Ceramic Pot', 4 ),
          (12, 'THE FARMHOUSE BY RACHEL ASHWELL', 79.99, 12, 'B09C27ZDYL', 'https://img.homegoods.com/homegoods?set=DisplayName[e8],prd[7000030711_NS9861067],ag[no]&call=url[file:tjxrPRD2_prod.chain]&v=3', '66in Adjustable Height Metal Floor Lamp', 2 ),
          (13, 'SHABBY CHIC', 9.99, 30, 'B0BF8XWHZC', 'https://img.homegoods.com/homegoods?set=DisplayName[e8],prd[7000023077_NS9861176],ag[no]&call=url[file:tjxrPRD2_prod.chain]&v=3', '3pk Mamas Kitchen Floral Print Kitchen Towels', 6 ),
          (14, 'JOYJOLT', 39.99, 16, 'B0B7MLZKQN', 'https://img.homegoods.com/homegoods?set=DisplayName[e8],prd[7000027874_NS9861063],ag[no]&call=url[file:tjxrPRD2_prod.chain]&v=3', '3pc Computer Whiskey Decanter And Glasses Set', 6),
          (15, 'MADISON INDUSTRIES', 19.99, 25, 'B0BLTY5SZQ', 'https://img.homegoods.com/homegoods?set=DisplayName[e8],prd[7000030450_NS10113388],ag[no]&call=url[file:tjxrPRD2_prod.chain]&v=3', '2pk Welcome Coir Door Mats', 3),
          (16, 'MADISON PARK', 199.99, 17, 'B0B123AARQ', 'https://img.homegoods.com/homegoods?set=DisplayName[e8],prd[7000024279_NS9861051],ag[no]&call=url[file:tjxrPRD2_prod.chain]&v=3', '30in 2 Drawer Console Table', 2),
          (17, 'NAUTICA', 499.99, 3, 'TB324ASSK4', 'https://img.homegoods.com/homegoods?set=DisplayName[e8],prd[7000030299_NS10274978],ag[no]&call=url[file:tjxrPRD2_prod.chain]&v=3', '2pk 37in Ashley Curved Wood Frame Counter Stools', 2),
          (18, 'MADE IN INDONESIA', 199.99, 7, 'B80HKSL24Q', 'https://img.homegoods.com/homegoods?set=DisplayName[e8],prd[7000028785_NS9861002],ag[no]&call=url[file:tjxrPRD2_prod.chain]&v=3', '21x24 Woven 1 Drawer Side Table', 2),
          (19, 'TROY LIGHTING', 79.99, 12, 'L897SDFGW1', 'https://img.homegoods.com/homegoods?set=DisplayName[e8],prd[7000024917_NS9861109],ag[no]&call=url[file:tjxrPRD2_prod.chain]&v=3', '8x24 Taylor 3 Light Glass Shade Vanity Light', 2),
          (20, 'LILLIAN BY LILLIAN AUGUST', 399.99, 4, 'TB12S4DDFA', 'https://img.homegoods.com/homegoods?set=DisplayName[e8],prd[7000028589_NS9860996],ag[no]&call=url[file:tjxrPRD2_prod.chain]&v=3', '2pk 38in Rope Woven Counter Stools With Cushions', 2),
          (21, 'BROOKS BROTHERS', 499.99, 3, 'BR078SACQ1', 'https://img.homegoods.com/homegoods?set=DisplayName[e8],prd[7000023888_NS10657773],ag[no]&call=url[file:tjxrPRD2_prod.chain]&v=3', '30.5in Leather Armchair With Wood Frame', 2),
          (22, 'MADE IN PORTUGAL', 34.99, 78, 'BSS2S45SQL', 'https://img.homegoods.com/homegoods?set=DisplayName[e8],prd[7000026560_NS9860995],ag[no]&call=url[file:tjxrPRD2_prod.chain]&v=3', 'Brushed Cotton Bed Blanket With Stitched Edge', 5),
          (23, 'TAHARI HOME', 59.99, 25, 'BSS254SD2A', 'https://img.homegoods.com/homegoods?set=DisplayName[e8],prd[7000022282_NS9873476],ag[no]&call=url[file:tjxrPRD2_prod.chain]&v=3', 'Embroidered Floral Quilt Set', 5),
          (24, 'MISSONI', 129.99, 17, 'TWLS43421AS', 'https://img.homegoods.com/homegoods?set=DisplayName[e8],prd[7000022076_NS9861170],ag[no]&call=url[file:tjxrPRD2_prod.chain]&v=3', 'Made In Portugal 39x59 Cotton Bath Sheet', 5),
          (25, 'PEANUTS', 19.99, 46, 'BAA562GSAQ', 'https://img.homegoods.com/homegoods?set=DisplayName[e8],prd[7000029536_NS9861170],ag[no]&call=url[file:tjxrPRD2_prod.chain]&v=3', 'Printed Velvetloft Snoopy And Woodstock Halloween Printed Blanket', 5),
          (26, 'COMPAMIA', 149.99, 22, 'ST31SGJQL1D', 'https://img.homegoods.com/homegoods?set=DisplayName[e8],prd[7000032131_NS9860996],ag[no]&call=url[file:tjxrPRD2_prod.chain]&v=3', 'Made In Turkey 2pk 32in Indoor Outdoor Arm Chair Set', 1),
          (27, 'MADE IN VIETNAM', 349.99, 4, 'SVGTAA112AD', 'https://img.homegoods.com/homegoods?set=DisplayName[e8],prd[7000019655_NS9861170],ag[YES]&call=url[file:tjxrPRD2_prod.chain]&v=3', '3pc Acacia Wood And Wicker Balcony Set', 1),
          (28, 'J HUNT', 49.99, 17, 'DSFD12X5CC1', 'https://img.homegoods.com/homegoods?set=DisplayName[e8],prd[7000031228_NS10061438],ag[no]&call=url[file:tjxrPRD2_prod.chain]&v=3', '17x32 Indoor Outdoor Acacia Wood Live Edge Bench', 1),
          (29, 'GARDENER''S EDEN', 29.99, 13, 'SVHG45SED13', 'https://img.homegoods.com/homegoods?set=DisplayName[e8],prd[7000034008_NS9861170],ag[no]&call=url[file:tjxrPRD2_prod.chain]&v=3', '15in Outdoor Solar Light Snail Garden Decor', 1),
          (30, 'NOURISON', 399.99, 4, 'RGSX112XZ3', 'https://img.homegoods.com/homegoods?set=DisplayName[e8],prd[7000031131_NS9861050],ag[no]&call=url[file:tjxrPRD2_prod.chain]&v=3', 'Made In Brazil 5x7 Hair On Hide Shaped Area Rug', 3),
          (31, 'ARTISAN DE LUXE', 24.99, 17, 'RGSC21S3FQ', 'https://img.homegoods.com/homegoods?set=DisplayName[e8],prd[7000030536_NS9861170],ag[no]&call=url[file:tjxrPRD2_prod.chain]&v=3', '27x45 3 Pumpkins Hooked Accent Rug', 3),
          (32, 'NOVOGRATZ', 129.99, 11, 'RGSS3F123XZ', 'https://img.homegoods.com/homegoods?set=DisplayName[e8],prd[7000036227_NS9949619],ag[no]&call=url[file:tjxrPRD2_prod.chain]&v=3', 'Made In Turkey 8x10 Kaia Modern Abstract Area Rug', 3),
          (33, 'SOUND GALLERY', 59.99, 7, 'FD1SSX4S3A', 'https://img.homegoods.com/homegoods?set=DisplayName[e8],prd[7000029011_NS9861170],ag[no]&call=url[file:tjxrPRD2_prod.chain]&v=3', '24x24 Star Burst Wall Art With Bluetooth Speakers', 4),
          (34, 'JETRICH', 24.99, 14, 'DSR1S5DCQ', 'https://img.homegoods.com/homegoods?set=DisplayName[e8],prd[7000025871_NS9861170],ag[YES]&call=url[file:tjxrPRD2_prod.chain]&v=3', '16x24 Cut Velvet Contemporary Dot Pillow', 4),
          (35, 'ENCHANTE', 19.99, 25, 'DSR1S6DCQ', 'https://img.homegoods.com/homegoods?set=DisplayName[e8],prd[7000035594_NS9861091],ag[no]&call=url[file:tjxrPRD2_prod.chain]&v=3', '19x19 Jersey Quilted Herringbone Pillow', 4),
          (36, 'THE FARMHOUSE BY RACHEL ASHWELL', 16.99, 17, 'KD1S415SFS', 'https://img.homegoods.com/homegoods?set=DisplayName[e8],prd[7000028413_NS9861170],ag[no]&call=url[file:tjxrPRD2_prod.chain]&v=3', 'Rue Jacobean Tablecloth', 6),
          (37, 'GRACES TEAWARE', 16.99, 11, 'KD3VBRT21F', 'https://img.homegoods.com/homegoods?set=DisplayName[e8],prd[7000029908_NS9861170],ag[no]&call=url[file:tjxrPRD2_prod.chain]&v=3', '4pc 4in Floral Bloom Mugs', 6),
          (38, 'MADE IN INDIA', 129.99, 7, 'FBF25FHGHA', 'https://img.homegoods.com/homegoods?set=DisplayName[e8],prd[7000027514_NS9861007],ag[no]&call=url[file:tjxrPRD2_prod.chain]&v=3', '25in Telephone Side Table', 2),
          (39, 'CREATIVE CO-OP', 399.99, 4, 'FOL243VA1Q', 'https://img.homegoods.com/homegoods?set=DisplayName[e8],prd[7000036374_NS9861051],ag[no]&call=url[file:tjxrPRD2_prod.chain]&v=3', '31in Leather Strapping Rocking Chair', 2),
          (40, 'BROOKS BROTHERS', 39.99, 6, 'FL2FB723AQ', 'https://img.homegoods.com/homegoods?set=DisplayName[e8],prd[7000033353_NS10113388],ag[no]&call=url[file:tjxrPRD2_prod.chain]&v=3', '19in Woven Wicker Shade Metal Task Lamp', 2);

INSERT INTO IMAGE ( productId, name, type, imageUrl)
VALUES (1, 'Decor', 'png', 'https://img.homegoods.com/homegoods?set=DisplayName[e8],prd[7000028190_alt1],ag[no]&call=url[file:tjxrPRD2_prod.chain]&v=3'),
       (2, 'Decor', 'png', 'https://img.homegoods.com/homegoods?set=DisplayName[e8],prd[7000027647_alt1],ag[no]&call=url[file:tjxrPRD2_prod.chain]&v=3'),
       (3, 'Jar', 'img', 'https://img.homegoods.com/homegoods?set=DisplayName[e8],prd[7000025339_alt1],ag[no]&call=url[file:tjxrPRD2_prod.chain]&v=3'),
       (4, 'Towels', 'png', 'https://img.homegoods.com/homegoods?set=DisplayName[e8],prd[7000024208_alt1],ag[no]&call=url[file:tjxrPRD2_prod.chain]&v=3'),
       (4, 'Towels', 'png', 'https://img.homegoods.com/homegoods?set=DisplayName[e8],prd[7000024208_alt2],ag[no]&call=url[file:tjxrPRD2_prod.chain]&v=3'),
       (5, 'Towels', 'png', 'https://img.homegoods.com/homegoods?set=DisplayName[e8],prd[7000036078_alt1],ag[no]&call=url[file:tjxrPRD2_prod.chain]&v=3'),
       (5, 'Towels', 'png', 'https://img.homegoods.com/homegoods?set=DisplayName[e8],prd[7000036078_alt2],ag[no]&call=url[file:tjxrPRD2_prod.chain]&v=3'),
       (6, 'Doormat', 'png', 'https://img.homegoods.com/homegoods?set=DisplayName[e8],prd[7000036222_alt1],ag[no]&call=url[file:tjxrPRD2_prod.chain]&v=3'),
       (6, 'Doormat', 'png', 'https://img.homegoods.com/homegoods?set=DisplayName[e8],prd[7000036222_alt2],ag[no]&call=url[file:tjxrPRD2_prod.chain]&v=3'),
       (7, 'Curtain', 'jpg', 'https://img.homegoods.com/homegoods?set=DisplayName[e8],prd[7000034390_alt1],ag[no]&call=url[file:tjxrPRD2_prod.chain]&v=3'),
       (7, 'Curtain', 'jpg', 'https://img.homegoods.com/homegoods?set=DisplayName[e8],prd[7000034390_alt2],ag[no]&call=url[file:tjxrPRD2_prod.chain]&v=3'),
       (8, 'Rug', 'png', 'https://img.homegoods.com/homegoods?set=DisplayName[e8],prd[7000022375_alt1],ag[no]&call=url[file:tjxrPRD2_prod.chain]&v=3'),
       (9, 'Stools', 'png', 'https://img.homegoods.com/homegoods?set=DisplayName[e8],prd[7000024762_alt1],ag[no]&call=url[file:tjxrPRD2_prod.chain]&v=3'),
       (10, 'Table', 'png', 'https://img.homegoods.com/homegoods?set=DisplayName[e8],prd[7000020454_alt1],ag[no]&call=url[file:tjxrPRD2_prod.chain]&v=3'),
       (11, 'Decor', 'png', 'https://img.homegoods.com/homegoods?set=DisplayName[e8],prd[7000031084_alt1],ag[no]&call=url[file:tjxrPRD2_prod.chain]&v=3'),
       (12, 'Lamp', 'png', 'https://img.homegoods.com/homegoods?set=DisplayName[e8],prd[7000030711_alt1],ag[no]&call=url[file:tjxrPRD2_prod.chain]&v=3'),
       (12, 'Lamp', 'png', 'https://img.homegoods.com/homegoods?set=DisplayName[e8],prd[7000030711_alt2],ag[no]&call=url[file:tjxrPRD2_prod.chain]&v=3'),
       (13, 'Towels', 'img', 'https://img.homegoods.com/homegoods?set=DisplayName[e8],prd[7000023077_alt1],ag[no]&call=url[file:tjxrPRD2_prod.chain]&v=3'),
       (14, 'Glasses', 'img', 'https://img.homegoods.com/homegoods?set=DisplayName[e8],prd[7000027874_alt1],ag[no]&call=url[file:tjxrPRD2_prod.chain]&v=3'),
       (15, 'Doormat', 'jpg', 'https://img.homegoods.com/homegoods?set=DisplayName[e8],prd[7000030450_alt1],ag[no]&call=url[file:tjxrPRD2_prod.chain]&v=3'),
       (15, 'Doormat', 'jpg', 'https://img.homegoods.com/homegoods?set=DisplayName[e8],prd[7000030450_alt2],ag[no]&call=url[file:tjxrPRD2_prod.chain]&v=3'),
       (16, 'Drawer Table', 'png', 'https://img.homegoods.com/homegoods?set=DisplayName[e8],prd[7000024279_alt1],ag[no]&call=url[file:tjxrPRD2_prod.chain]&v=3'),
       (17, 'Stools', 'png', 'https://img.homegoods.com/homegoods?set=DisplayName[e8],prd[7000030299_alt1],ag[no]&call=url[file:tjxrPRD2_prod.chain]&v=3'),
       (17, 'Stools', 'png', 'https://img.homegoods.com/homegoods?set=DisplayName[e8],prd[7000030299_alt2],ag[no]&call=url[file:tjxrPRD2_prod.chain]&v=3'),
       (18, 'Drawer', 'png', 'https://img.homegoods.com/homegoods?set=DisplayName[e8],prd[7000028785_alt1],ag[no]&call=url[file:tjxrPRD2_prod.chain]&v=3'),
       (19, 'Lights', 'png', 'https://img.homegoods.com/homegoods?set=DisplayName[e8],prd[7000024917_alt1],ag[no]&call=url[file:tjxrPRD2_prod.chain]&v=3'),
       (19, 'Lights', 'png', 'https://img.homegoods.com/homegoods?set=DisplayName[e8],prd[7000024917_alt2],ag[no]&call=url[file:tjxrPRD2_prod.chain]&v=3'),
       (20, 'Stools', 'png', 'https://img.homegoods.com/homegoods?set=DisplayName[e8],prd[7000028589_alt1],ag[no]&call=url[file:tjxrPRD2_prod.chain]&v=3'),
       (20, 'Stools', 'png', 'https://img.homegoods.com/homegoods?set=DisplayName[e8],prd[7000028589_alt2],ag[no]&call=url[file:tjxrPRD2_prod.chain]&v=3'),
       (21, 'Armchair', 'png', 'https://img.homegoods.com/homegoods?set=DisplayName[e8],prd[7000023888_alt1],ag[no]&call=url[file:tjxrPRD2_prod.chain]&v=3'),
       (21, 'Armchair', 'png', 'https://img.homegoods.com/homegoods?set=DisplayName[e8],prd[7000023888_alt2],ag[no]&call=url[file:tjxrPRD2_prod.chain]&v=3'),
       (22, 'Bed Blanket', 'png', 'https://img.homegoods.com/homegoods?set=DisplayName[e8],prd[7000026560_alt1],ag[no]&call=url[file:tjxrPRD2_prod.chain]&v=3'),
       (22, 'Bed Blanket', 'png', 'https://img.homegoods.com/homegoods?set=DisplayName[e8],prd[7000026560_alt2],ag[no]&call=url[file:tjxrPRD2_prod.chain]&v=3'),
       (23, 'Quilt Set', 'png', 'https://img.homegoods.com/homegoods?set=DisplayName[e8],prd[7000022282_alt1],ag[no]&call=url[file:tjxrPRD2_prod.chain]&v=3'),
       (23, 'Quilt Set', 'png', 'https://img.homegoods.com/homegoods?set=DisplayName[e8],prd[7000022282_alt2],ag[no]&call=url[file:tjxrPRD2_prod.chain]&v=3'),
       (24, 'Towels', 'png', 'https://img.homegoods.com/homegoods?set=DisplayName[e8],prd[7000022076_alt1],ag[no]&call=url[file:tjxrPRD2_prod.chain]&v=3'),
       (24, 'Towels', 'png', 'https://img.homegoods.com/homegoods?set=DisplayName[e8],prd[7000022076_alt2],ag[no]&call=url[file:tjxrPRD2_prod.chain]&v=3'),
       (25, 'Bed Blanket', 'png', 'https://img.homegoods.com/homegoods?set=DisplayName[e8],prd[7000029536_alt1],ag[no]&call=url[file:tjxrPRD2_prod.chain]&v=3'),
       (25, 'Bed Blanket', 'png', 'https://img.homegoods.com/homegoods?set=DisplayName[e8],prd[7000029536_alt2],ag[no]&call=url[file:tjxrPRD2_prod.chain]&v=3'),
       (26, 'Chair Set', 'png', 'https://img.homegoods.com/homegoods?set=DisplayName[e8],prd[7000032131_alt1],ag[no]&call=url[file:tjxrPRD2_prod.chain]&v=3'),
       (26, 'Chair Set', 'png', 'https://img.homegoods.com/homegoods?set=DisplayName[e8],prd[7000032131_alt2],ag[no]&call=url[file:tjxrPRD2_prod.chain]&v=3'),
       (27, 'Balcony Set', 'png', 'https://img.homegoods.com/homegoods?set=DisplayName[e8],prd[7000019655_alt1],ag[YES]&call=url[file:tjxrPRD2_prod.chain]&v=3'),
       (27, 'Balcony Set', 'png', 'https://img.homegoods.com/homegoods?set=DisplayName[e8],prd[7000019655_alt2],ag[YES]&call=url[file:tjxrPRD2_prod.chain]&v=3'),
       (28, 'Bench', 'png', 'https://img.homegoods.com/homegoods?set=DisplayName[e8],prd[7000031228_alt1],ag[no]&call=url[file:tjxrPRD2_prod.chain]&v=3'),
       (28, 'Bench', 'png', 'https://img.homegoods.com/homegoods?set=DisplayName[e8],prd[7000031228_alt2],ag[no]&call=url[file:tjxrPRD2_prod.chain]&v=3'),
       (29, 'Outdoor', 'png', 'https://img.homegoods.com/homegoods?set=DisplayName[e8],prd[7000034008_alt1],ag[no]&call=url[file:tjxrPRD2_prod.chain]&v=3'),
       (30, 'Rug', 'png', 'https://img.homegoods.com/homegoods?set=DisplayName[e8],prd[7000031131_alt1],ag[no]&call=url[file:tjxrPRD2_prod.chain]&v=3'),
       (31, 'Doormat', 'png', 'https://img.homegoods.com/homegoods?set=DisplayName[e8],prd[7000030536_alt1],ag[no]&call=url[file:tjxrPRD2_prod.chain]&v=3'),
       (31, 'Doormat', 'png', 'https://img.homegoods.com/homegoods?set=DisplayName[e8],prd[7000030536_alt2],ag[no]&call=url[file:tjxrPRD2_prod.chain]&v=3'),
       (32, 'Rug', 'png', 'https://img.homegoods.com/homegoods?set=DisplayName[e8],prd[7000036227_alt1],ag[no]&call=url[file:tjxrPRD2_prod.chain]&v=3'),
       (32, 'Rug', 'png', 'https://img.homegoods.com/homegoods?set=DisplayName[e8],prd[7000036227_alt2],ag[no]&call=url[file:tjxrPRD2_prod.chain]&v=3'),
       (33, 'Decor', 'png', 'https://img.homegoods.com/homegoods?set=DisplayName[e8],prd[7000029011_alt1],ag[no]&call=url[file:tjxrPRD2_prod.chain]&v=3'),
       (34, 'Pillow', 'png', 'https://img.homegoods.com/homegoods?set=DisplayName[e8],prd[7000025871_alt1],ag[YES]&call=url[file:tjxrPRD2_prod.chain]&v=3'),
       (34, 'Pillow', 'png', 'https://img.homegoods.com/homegoods?set=DisplayName[e8],prd[7000025871_alt2],ag[YES]&call=url[file:tjxrPRD2_prod.chain]&v=3'),
       (35, 'Pillow', 'png', 'https://img.homegoods.com/homegoods?set=DisplayName[e8],prd[7000035594_alt1],ag[no]&call=url[file:tjxrPRD2_prod.chain]&v=3'),
       (35, 'Pillow', 'png', 'https://img.homegoods.com/homegoods?set=DisplayName[e8],prd[7000035594_alt2],ag[no]&call=url[file:tjxrPRD2_prod.chain]&v=3'),
       (36, 'Tablecloth', 'png', 'https://img.homegoods.com/homegoods?set=DisplayName[e8],prd[7000028413_alt1],ag[no]&call=url[file:tjxrPRD2_prod.chain]&v=3'),
       (37, 'Mugs', 'img', 'https://img.homegoods.com/homegoods?set=DisplayName[e8],prd[7000029908_alt1],ag[no]&call=url[file:tjxrPRD2_prod.chain]&v=3'),
       (38, 'Table', 'png', 'https://img.homegoods.com/homegoods?set=DisplayName[e8],prd[7000027514_alt1],ag[no]&call=url[file:tjxrPRD2_prod.chain]&v=3'),
       (39, 'Chair', 'png', 'https://img.homegoods.com/homegoods?set=DisplayName[e8],prd[7000036374_alt1],ag[no]&call=url[file:tjxrPRD2_prod.chain]&v=3'),
       (39, 'Chair', 'png', 'https://img.homegoods.com/homegoods?set=DisplayName[e8],prd[7000036374_alt2],ag[no]&call=url[file:tjxrPRD2_prod.chain]&v=3'),
       (40, 'Lamp', 'img', 'https://img.homegoods.com/homegoods?set=DisplayName[e8],prd[7000033353_alt1],ag[no]&call=url[file:tjxrPRD2_prod.chain]&v=3'),
       (40, 'Lamp', 'img', 'https://img.homegoods.com/homegoods?set=DisplayName[e8],prd[7000033353_alt2],ag[no]&call=url[file:tjxrPRD2_prod.chain]&v=3');

INSERT INTO ORDERTABLE (userId, orderNumber, orderDate, totalPrice) VALUES ( 1, 578446, '2023-02-24', 25.8 );

INSERT INTO ORDERPRODUCTS (order_Id, product_Id) VALUES (1, 1), (1, 1);

INSERT INTO REVIEW (comment, rating, productId, userId) VALUES ('Working Product', 5.0, 1, 1), ('Terrible', 1.0, 1, 2);
